{
    "Name": "CAMRI Mouse Brain MRI Data",
    "BIDSVersion": "1.0.1",
    "Authors": [
        "Li-Ming Hsu",
        "Woomi Ban",
        "Tzu-Hao Chao",
        "Sheng Song",
        "Domenic Hayden Cerri",
        "Lindsay Walton",
        "Margaret Broadwater",
        "Sung-Ho Lee",
        "Yenyu Ian Shih"
    ],
    "DatasetDOI": "10.18112/openneuro.ds002868.v1.0.1",
    "License": "CC0",
    "Funding": [
        "R01 AA025582",
        "P60 AA011605",
        "U01 AA020023",
        "R01 NS091236",
        "1R01MH111429-01",
        "1RF1MH117053-01",
        "1R41MH113252-01"
    ]
}